{"eval_exact_match": 76.87795648060549, "eval_f1": 85.19360127652008}