{"eval_exact_match": 76.80227057710502, "eval_f1": 84.91995175276098}