{"eval_exact_match": 63.23447118074986, "eval_f1": 70.65125948585933}